[
  {
    "value": "perro",
    "synonyms": [
      "perro",
      "perrito",
      "perrita",
      "perra"
    ]
  },
  {
    "value": "gato",
    "synonyms": [
      "gato",
      "gata",
      "gatito",
      "gatita"
    ]
  },
  {
    "value": "pez",
    "synonyms": [
      "pez",
      "peces"
    ]
  },
  {
    "value": "pájaro",
    "synonyms": [
      "pájaro",
      "pájarito"
    ]
  },
  {
    "value": "hámster",
    "synonyms": [
      "hámster"
    ]
  },
  {
    "value": "conejo",
    "synonyms": [
      "conejo",
      "conejito"
    ]
  }
]