[
  {
    "value": "matemáticas",
    "synonyms": [
      "matemáticas"
    ]
  },
  {
    "value": "lengua",
    "synonyms": [
      "lengua"
    ]
  },
  {
    "value": "inglés",
    "synonyms": [
      "inglés"
    ]
  },
  {
    "value": "francés",
    "synonyms": [
      "francés"
    ]
  },
  {
    "value": "español",
    "synonyms": [
      "español"
    ]
  },
  {
    "value": "química",
    "synonyms": [
      "química"
    ]
  },
  {
    "value": "física",
    "synonyms": [
      "física"
    ]
  },
  {
    "value": "historia",
    "synonyms": [
      "historia"
    ]
  },
  {
    "value": "plástica",
    "synonyms": [
      "plástica",
      "arte",
      "artes plásticas",
      "educación artística"
    ]
  },
  {
    "value": "geografía",
    "synonyms": [
      "geografía"
    ]
  },
  {
    "value": "biología",
    "synonyms": [
      "biología"
    ]
  },
  {
    "value": "ciencias",
    "synonyms": [
      "ciencias"
    ]
  },
  {
    "value": "educación física",
    "synonyms": [
      "educación física",
      "gimnasia"
    ]
  },
  {
    "value": "música",
    "synonyms": [
      "música"
    ]
  }
]