[
  {
    "value": "Tirana",
    "synonyms": [
      "Tirana",
      "Albania"
    ]
  },
  {
    "value": "Berlin",
    "synonyms": [
      "Berlin",
      "Alemania",
      "Germany"
    ]
  },
  {
    "value": "Andorra la Vieja",
    "synonyms": [
      "Andorra",
      "Andorra la Vieja"
    ]
  },
  {
    "value": "Erevan",
    "synonyms": [
      "Erevan",
      "Armenia"
    ]
  },
  {
    "value": "Viena",
    "synonyms": [
      "Viena",
      "Austria"
    ]
  },
  {
    "value": "Baku",
    "synonyms": [
      "Baku",
      "Azerbaiyan"
    ]
  },
  {
    "value": "Bruselas",
    "synonyms": [
      "Bruselas",
      "Belgica",
      "Belgium"
    ]
  },
  {
    "value": "Minsk",
    "synonyms": [
      "Bielorrusia",
      "Minsk"
    ]
  },
  {
    "value": "Sarajevo",
    "synonyms": [
      "Sarajevo",
      "Bosnia-Herzegovina",
      "Bosnia"
    ]
  },
  {
    "value": "Sofia",
    "synonyms": [
      "Sofia",
      "Bulgaria"
    ]
  },
  {
    "value": "Nicosia",
    "synonyms": [
      "Nicosia",
      "Chipre"
    ]
  },
  {
    "value": "Ciudad del Vaticano",
    "synonyms": [
      "Ciudad del Vaticano",
      "Vaticana",
      "Vaticano"
    ]
  },
  {
    "value": "Zagred",
    "synonyms": [
      "Zagred",
      "Croatia",
      "Croacia"
    ]
  },
  {
    "value": "Copenhague",
    "synonyms": [
      "Copenhague",
      "Dinamarca"
    ]
  },
  {
    "value": "Bratislava",
    "synonyms": [
      "Bratislava",
      "Eslovaquia",
      "Slovaquia"
    ]
  },
  {
    "value": "Liubliana",
    "synonyms": [
      "Liubliana",
      "Eslovenia",
      "Slovenia"
    ]
  },
  {
    "value": "Madrid",
    "synonyms": [
      "Madrid",
      "Espana",
      "Spain"
    ]
  },
  {
    "value": "Tallin",
    "synonyms": [
      "Tallin",
      "Estonia"
    ]
  },
  {
    "value": "Moscu",
    "synonyms": [
      "Moscu",
      "Federacion Rusa",
      "Russia",
      "Rusia"
    ]
  },
  {
    "value": "Helsinki",
    "synonyms": [
      "Helsinki",
      "Finlandia",
      "Finland"
    ]
  },
  {
    "value": "Paris",
    "synonyms": [
      "Paris",
      "Francia",
      "France"
    ]
  },
  {
    "value": "Tiflis",
    "synonyms": [
      "Tiflis",
      "Georgia"
    ]
  },
  {
    "value": "Atenas",
    "synonyms": [
      "Atenas",
      "Athens",
      "Grecia",
      "Greece"
    ]
  },
  {
    "value": "Budapest",
    "synonyms": [
      "Budapest",
      "Hungria",
      "Hungary"
    ]
  },
  {
    "value": "Dublin",
    "synonyms": [
      "Dublin",
      "Irlanda",
      "Ireland"
    ]
  },
  {
    "value": "Reikiavik",
    "synonyms": [
      "Reikiavik",
      "Islandia"
    ]
  },
  {
    "value": "Roma",
    "synonyms": [
      "Roma",
      "Rome",
      "Italia",
      "Italy"
    ]
  },
  {
    "value": "Astana",
    "synonyms": [
      "Astana",
      "Kazajistan"
    ]
  },
  {
    "value": "Riga",
    "synonyms": [
      "Riga",
      "Letonia"
    ]
  },
  {
    "value": "Vaduz",
    "synonyms": [
      "Vaduz",
      "Liechtenstein"
    ]
  },
  {
    "value": "Vilna",
    "synonyms": [
      "Lituania",
      "Vilna"
    ]
  },
  {
    "value": "Luxemburgo",
    "synonyms": [
      "Luxemburgo",
      "Luxembourg"
    ]
  },
  {
    "value": "Skopie",
    "synonyms": [
      "Skopie",
      "Macedonia del Norte",
      "Macedonia"
    ]
  },
  {
    "value": "La Valeta",
    "synonyms": [
      "La Valeta",
      "Malta"
    ]
  },
  {
    "value": "Chisinau",
    "synonyms": [
      "Chisinau",
      "Moldavia",
      "Moldova"
    ]
  },
  {
    "value": "Monaco",
    "synonyms": [
      "Monaco"
    ]
  },
  {
    "value": "Podgorica",
    "synonyms": [
      "Podgorica",
      "Montenegro"
    ]
  },
  {
    "value": "Oslo",
    "synonyms": [
      "Oslo",
      "Noruega",
      "Norway"
    ]
  },
  {
    "value": "Amsterdam",
    "synonyms": [
      "Amsterdam",
      "Paises Bajos",
      "Netherlands"
    ]
  },
  {
    "value": "Varsovia",
    "synonyms": [
      "Varsovia",
      "Polonia"
    ]
  },
  {
    "value": "Lisboa",
    "synonyms": [
      "Lisboa",
      "Lisbon",
      "Portugal"
    ]
  },
  {
    "value": "Londres",
    "synonyms": [
      "Londres",
      "London",
      "Reino Unido",
      "United Kingdom"
    ]
  },
  {
    "value": "Praga",
    "synonyms": [
      "Praga",
      "Republica Checa",
      "Check Republic"
    ]
  },
  {
    "value": "Bucarest",
    "synonyms": [
      "Bucarest",
      "Rumania",
      "Romania"
    ]
  },
  {
    "value": "San Marino",
    "synonyms": [
      "San Marino"
    ]
  },
  {
    "value": "Belgrado",
    "synonyms": [
      "Belgrado",
      "Belgrade",
      "Serbia"
    ]
  },
  {
    "value": "Estocolmo",
    "synonyms": [
      "Estocolmo",
      "Suecia",
      "Sweden",
      "Stockholm"
    ]
  },
  {
    "value": "Berna",
    "synonyms": [
      "Berna",
      "Suiza",
      "Switzerland"
    ]
  },
  {
    "value": "Ankara",
    "synonyms": [
      "Ankara",
      "Turquia",
      "Turkey"
    ]
  },
  {
    "value": "Kiev",
    "synonyms": [
      "Kiev",
      "Ucrania",
      "Ukraine"
    ]
  }
]