[
  {
    "value": "rojo",
    "synonyms": [
      "rojo"
    ]
  },
  {
    "value": "naranja",
    "synonyms": [
      "naranja"
    ]
  },
  {
    "value": "amarillo",
    "synonyms": [
      "amarillo"
    ]
  },
  {
    "value": "verde",
    "synonyms": [
      "verde"
    ]
  },
  {
    "value": "azul",
    "synonyms": [
      "azul"
    ]
  },
  {
    "value": "violeta",
    "synonyms": [
      "violeta",
      "morado"
    ]
  },
  {
    "value": "negro",
    "synonyms": [
      "negro"
    ]
  },
  {
    "value": "blanco",
    "synonyms": [
      "blanco"
    ]
  },
  {
    "value": "marrón",
    "synonyms": [
      "marrón"
    ]
  },
  {
    "value": "rosa",
    "synonyms": [
      "rosa"
    ]
  },
  {
    "value": "gris",
    "synonyms": [
      "gris"
    ]
  }
]