[
  {
    "value": "arroz",
    "synonyms": [
      "arroz"
    ]
  },
  {
    "value": "alubias",
    "synonyms": [
      "alubias"
    ]
  },
  {
    "value": "brocoli",
    "synonyms": [
      "brocoli",
      "brócoli"
    ]
  },
  {
    "value": "calabacín",
    "synonyms": [
      "calabacín"
    ]
  },
  {
    "value": "carne",
    "synonyms": [
      "carne"
    ]
  },
  {
    "value": "ternera",
    "synonyms": [
      "ternera"
    ]
  },
  {
    "value": "pollo",
    "synonyms": [
      "pollo"
    ]
  },
  {
    "value": "cordero",
    "synonyms": [
      "cordero"
    ]
  },
  {
    "value": "cerdo",
    "synonyms": [
      "cerdo"
    ]
  },
  {
    "value": "champiñón",
    "synonyms": [
      "champiñón",
      "setas"
    ]
  },
  {
    "value": "fresa",
    "synonyms": [
      "fresa"
    ]
  },
  {
    "value": "yogur",
    "synonyms": [
      "yogur",
      "yogurt"
    ]
  },
  {
    "value": "fruta",
    "synonyms": [
      "fruta"
    ]
  },
  {
    "value": "plátano",
    "synonyms": [
      "plátano"
    ]
  },
  {
    "value": "sandía",
    "synonyms": [
      "sandía"
    ]
  },
  {
    "value": "limón",
    "synonyms": [
      "limón"
    ]
  },
  {
    "value": "kiwi",
    "synonyms": [
      "kiwi"
    ]
  },
  {
    "value": "garbanzos",
    "synonyms": [
      "garbanzos"
    ]
  },
  {
    "value": "lentejas",
    "synonyms": [
      "lentejas"
    ]
  },
  {
    "value": "patatas",
    "synonyms": [
      "patatas"
    ]
  },
  {
    "value": "leche",
    "synonyms": [
      "leche"
    ]
  },
  {
    "value": "postre",
    "synonyms": [
      "postre"
    ]
  },
  {
    "value": "ensalada",
    "synonyms": [
      "ensalada"
    ]
  },
  {
    "value": "entrante",
    "synonyms": [
      "entrante"
    ]
  },
  {
    "value": "lima",
    "synonyms": [
      "lima"
    ]
  },
  {
    "value": "lechuga",
    "synonyms": [
      "lechuga"
    ]
  },
  {
    "value": "langostinos",
    "synonyms": [
      "langostinos"
    ]
  },
  {
    "value": "huevo",
    "synonyms": [
      "huevo"
    ]
  },
  {
    "value": "guisantes",
    "synonyms": [
      "guisantes"
    ]
  },
  {
    "value": "marisco",
    "synonyms": [
      "marisco"
    ]
  },
  {
    "value": "pan",
    "synonyms": [
      "pan"
    ]
  },
  {
    "value": "nueces",
    "synonyms": [
      "nueces"
    ]
  },
  {
    "value": "avellanas",
    "synonyms": [
      "avellanas"
    ]
  },
  {
    "value": "melocotón",
    "synonyms": [
      "melocotón"
    ]
  },
  {
    "value": "pera",
    "synonyms": [
      "pera"
    ]
  },
  {
    "value": "pepino",
    "synonyms": [
      "pepino"
    ]
  },
  {
    "value": "pescado",
    "synonyms": [
      "pescado"
    ]
  },
  {
    "value": "pimiento",
    "synonyms": [
      "pimiento"
    ]
  },
  {
    "value": "queso",
    "synonyms": [
      "queso"
    ]
  },
  {
    "value": "tomate",
    "synonyms": [
      "tomate"
    ]
  },
  {
    "value": "zanahoria",
    "synonyms": [
      "zanahoria"
    ]
  },
  {
    "value": "chocolate",
    "synonyms": [
      "chocolate"
    ]
  },
  {
    "value": "letas",
    "synonyms": [
      "letas"
    ]
  },
  {
    "value": "cereza",
    "synonyms": [
      "cereza"
    ]
  },
  {
    "value": "jamón",
    "synonyms": [
      "jamón"
    ]
  },
  {
    "value": "berenjena",
    "synonyms": [
      "berenjena"
    ]
  },
  {
    "value": "ajo",
    "synonyms": [
      "ajo"
    ]
  },
  {
    "value": "uva",
    "synonyms": [
      "uva"
    ]
  },
  {
    "value": "manzana",
    "synonyms": [
      "manzana"
    ]
  },
  {
    "value": "mandarina",
    "synonyms": [
      "mandarina"
    ]
  },
  {
    "value": "naranja",
    "synonyms": [
      "naranja"
    ]
  },
  {
    "value": "cereales",
    "synonyms": [
      "cereales"
    ]
  },
  {
    "value": "pasta",
    "synonyms": [
      "pasta"
    ]
  },
  {
    "value": "espaguetis",
    "synonyms": [
      "espaguetis"
    ]
  },
  {
    "value": "macarrones",
    "synonyms": [
      "macarrones"
    ]
  },
  {
    "value": "magdalena",
    "synonyms": [
      "magdalena"
    ]
  },
  {
    "value": "hamburguesa",
    "synonyms": [
      "hamburguesa"
    ]
  },
  {
    "value": "mermelada",
    "synonyms": [
      "mermelada"
    ]
  },
  {
    "value": "melón",
    "synonyms": [
      "melón"
    ]
  },
  {
    "value": "albaricoque",
    "synonyms": [
      "albaricoque"
    ]
  },
  {
    "value": "cebolla",
    "synonyms": [
      "cebolla"
    ]
  },
  {
    "value": "natillas",
    "synonyms": [
      "natillas"
    ]
  },
  {
    "value": "torrijas",
    "synonyms": [
      "torrijas"
    ]
  },
  {
    "value": "tiramisu",
    "synonyms": [
      "tiramisu"
    ]
  }
]