[
  {
    "value": "lunes",
    "synonyms": [
      "lunes"
    ]
  },
  {
    "value": "martes",
    "synonyms": [
      "martes"
    ]
  },
  {
    "value": "miércoles",
    "synonyms": [
      "miércoles"
    ]
  },
  {
    "value": "jueves",
    "synonyms": [
      "jueves"
    ]
  },
  {
    "value": "viernes",
    "synonyms": [
      "viernes"
    ]
  },
  {
    "value": "sábado",
    "synonyms": [
      "sábado"
    ]
  },
  {
    "value": "domingo",
    "synonyms": [
      "domingo"
    ]
  }
]