[
  {
    "value": "colegio",
    "synonyms": [
      "colegio",
      "escuela"
    ]
  },
  {
    "value": "clase",
    "synonyms": [
      "clase",
      "aula"
    ]
  },
  {
    "value": "biblioteca",
    "synonyms": [
      "biblioteca"
    ]
  },
  {
    "value": "gimnasio",
    "synonyms": [
      "gimnasio"
    ]
  },
  {
    "value": "comedor",
    "synonyms": [
      "comedor"
    ]
  },
  {
    "value": "patio",
    "synonyms": [
      "patio"
    ]
  },
  {
    "value": "profesor",
    "synonyms": [
      "profesor",
      "maestro"
    ]
  },
  {
    "value": "alumnos",
    "synonyms": [
      "alumnos",
      "compañeros",
      "estudiantes"
    ]
  },
  {
    "value": "pupitre",
    "synonyms": [
      "pupitre"
    ]
  },
  {
    "value": "pizarra",
    "synonyms": [
      "pizarra"
    ]
  },
  {
    "value": "borrador",
    "synonyms": [
      "borrador"
    ]
  },
  {
    "value": "tiza",
    "synonyms": [
      "tiza"
    ]
  }
]