[
  {
    "value": "acción",
    "synonyms": [
      "acción",
      "de acción"
    ]
  },
  {
    "value": "romance",
    "synonyms": [
      "de romance",
      "romántica"
    ]
  },
  {
    "value": "fantasía",
    "synonyms": [
      "fantasía",
      "fantástica"
    ]
  },
  {
    "value": "terror",
    "synonyms": [
      "terror",
      "de miedo"
    ]
  },
  {
    "value": "crimen",
    "synonyms": [
      "crimen",
      "de asesinatos",
      "de policías"
    ]
  },
  {
    "value": "ciencia ficción",
    "synonyms": [
      "ciencia ficción"
    ]
  },
  {
    "value": "aventuras",
    "synonyms": [
      "aventuras"
    ]
  },
  {
    "value": "comedia",
    "synonyms": [
      "comedia",
      "de risa"
    ]
  },
  {
    "value": "biografía",
    "synonyms": [
      "biografía",
      "biográfica"
    ]
  },
  {
    "value": "musical",
    "synonyms": [
      "musical",
      "de música",
      "con canciones"
    ]
  }
]