[
  {
    "value": "en",
    "synonyms": [
      "en",
      "inglés",
      "ingles",
      "english"
    ]
  },
  {
    "value": "es",
    "synonyms": [
      "es",
      "español",
      "spanish",
      "castellano"
    ]
  },
  {
    "value": "fr",
    "synonyms": [
      "fr",
      "francés",
      "frances",
      "french"
    ]
  },
  {
    "value": "de",
    "synonyms": [
      "de",
      "alemán",
      "german"
    ]
  },
  {
    "value": "it",
    "synonyms": [
      "it",
      "italiano",
      "italian"
    ]
  },
  {
    "value": "pt",
    "synonyms": [
      "pt",
      "portugués"
    ]
  },
  {
    "value": "ca",
    "synonyms": [
      "ca",
      "catalán",
      "català",
      "catala",
      "catalan"
    ]
  },
  {
    "value": "cs",
    "synonyms": [
      "cs",
      "checo"
    ]
  },
  {
    "value": "zh-CN",
    "synonyms": [
      "zh-CN",
      "chino",
      "chinese"
    ]
  },
  {
    "value": "ar",
    "synonyms": [
      "ar",
      "arab",
      "arabe"
    ]
  },
  {
    "value": "ko",
    "synonyms": [
      "ko",
      "coreano",
      "koreano",
      "corean"
    ]
  },
  {
    "value": "hr",
    "synonyms": [
      "hr",
      "croata",
      "croatian"
    ]
  },
  {
    "value": "da",
    "synonyms": [
      "da",
      "danish",
      "danés",
      "danes"
    ]
  },
  {
    "value": "fi",
    "synonyms": [
      "fi",
      "finladés",
      "finnish",
      "finlandes"
    ]
  },
  {
    "value": "gl",
    "synonyms": [
      "gl",
      "gallego",
      "galitian"
    ]
  },
  {
    "value": "ja",
    "synonyms": [
      "ja",
      "japonés",
      "japanese"
    ]
  },
  {
    "value": "hi",
    "synonyms": [
      "hi",
      "hindi",
      "indio",
      "indi"
    ]
  },
  {
    "value": "hu",
    "synonyms": [
      "hu",
      "húngaro",
      "hungaro",
      "hungarian"
    ]
  },
  {
    "value": "is",
    "synonyms": [
      "is",
      "islandés",
      "islandes"
    ]
  },
  {
    "value": "la",
    "synonyms": [
      "la",
      "latin",
      "latín"
    ]
  },
  {
    "value": "no",
    "synonyms": [
      "no",
      "noruego",
      "norwegian"
    ]
  },
  {
    "value": "sv",
    "synonyms": [
      "sv",
      "sueco",
      "swedish"
    ]
  },
  {
    "value": "ru",
    "synonyms": [
      "ru",
      "ruso",
      "russian"
    ]
  },
  {
    "value": "bu",
    "synonyms": [
      "bu",
      "bulgarian",
      "búlgaro",
      "bulgaro"
    ]
  }
]