[
  {
    "value": "enero",
    "synonyms": [
      "enero"
    ]
  },
  {
    "value": "febrero",
    "synonyms": [
      "febrero"
    ]
  },
  {
    "value": "marzo",
    "synonyms": [
      "marzo"
    ]
  },
  {
    "value": "abril",
    "synonyms": [
      "abril"
    ]
  },
  {
    "value": "mayo",
    "synonyms": [
      "mayo"
    ]
  },
  {
    "value": "junio",
    "synonyms": [
      "junio"
    ]
  },
  {
    "value": "julio",
    "synonyms": [
      "julio"
    ]
  },
  {
    "value": "agosto",
    "synonyms": [
      "agosto"
    ]
  },
  {
    "value": "septiembre",
    "synonyms": [
      "septiembre"
    ]
  },
  {
    "value": "noviembre",
    "synonyms": [
      "noviembre"
    ]
  },
  {
    "value": "diciembre",
    "synonyms": [
      "diciembre"
    ]
  }
]