[
  {
    "value": "entrada",
    "synonyms": [
      "entrada",
      "recibidor"
    ]
  },
  {
    "value": "pasillo",
    "synonyms": [
      "pasillo"
    ]
  },
  {
    "value": "cocina",
    "synonyms": [
      "cocina"
    ]
  },
  {
    "value": "baño",
    "synonyms": [
      "baño"
    ]
  },
  {
    "value": "salón",
    "synonyms": [
      "salón",
      "comedor",
      "sala de estar"
    ]
  },
  {
    "value": "dormitorio",
    "synonyms": [
      "dormitorio",
      "habitación",
      "cuarto",
      "recámara"
    ]
  },
  {
    "value": "estudio",
    "synonyms": [
      "estudio",
      "despacho"
    ]
  },
  {
    "value": "buhardilla",
    "synonyms": [
      "buhardilla"
    ]
  },
  {
    "value": "terraza",
    "synonyms": [
      "terraza"
    ]
  }
]