[
  {
    "value": "pantalon",
    "synonyms": [
      "pantalones",
      "pantalon"
    ]
  },
  {
    "value": "falda",
    "synonyms": [
      "falda",
      "faldas"
    ]
  },
  {
    "value": "camisa",
    "synonyms": [
      "camisa",
      "camisas",
      "blusa",
      "blusas"
    ]
  },
  {
    "value": "vestido",
    "synonyms": [
      "vestido",
      "vestidos"
    ]
  },
  {
    "value": "chaqueta",
    "synonyms": [
      "chaqueta",
      "chaquetas",
      "abrigos",
      "abrigo"
    ]
  },
  {
    "value": "mono",
    "synonyms": [
      "mono",
      "monos"
    ]
  },
  {
    "value": "calzado",
    "synonyms": [
      "calzado",
      "calzados"
    ]
  },
  {
    "value": "accesorio",
    "synonyms": [
      "accesorio",
      "accesorios",
      "accesories"
    ]
  },
  {
    "value": "pijama",
    "synonyms": [
      "pijama",
      "pijamas",
      "ropa de dormir"
    ]
  },
  {
    "value": "lenceria",
    "synonyms": [
      "lenceria",
      "ropa interior"
    ]
  },
  {
    "value": "sport",
    "synonyms": [
      "sport",
      "deporte"
    ]
  },
  {
    "value": "bañador",
    "synonyms": [
      "bañador",
      "bañadores"
    ]
  },
  {
    "value": "camiseta",
    "synonyms": [
      "camiseta",
      "camisetas"
    ]
  },
  {
    "value": "calcetines",
    "synonyms": [
      "calcetines",
      "calcetin"
    ]
  },
  {
    "value": "premamá",
    "synonyms": [
      "premamá",
      "embarazada",
      "embarazadas"
    ]
  },
  {
    "value": "jeans",
    "synonyms": [
      "jeans",
      "jean",
      "denim"
    ]
  },
  {
    "value": "cárdigans",
    "synonyms": [
      "cárdigans",
      "jerséis",
      "cárdigan"
    ]
  },
  {
    "value": "zapatos",
    "synonyms": [
      "zapatos",
      "zapato"
    ]
  },
  {
    "value": "fiesta",
    "synonyms": [
      "fiesta",
      "festivo"
    ]
  }
]