[
  {
    "id": "e581b9e1-e0c7-4a07-934b-651c56ca984b",
    "data": [
      {
        "text": "Eso es todo",
        "userDefined": false
      }
    ],
    "isTemplate": false,
    "count": 0,
    "updated": 0
  },
  {
    "id": "3bfd66fa-2fea-4a2c-8d11-4e1569965ae2",
    "data": [
      {
        "text": "Nos vemos!",
        "userDefined": false
      }
    ],
    "isTemplate": false,
    "count": 0,
    "updated": 0
  },
  {
    "id": "2636f4d6-2d51-488d-bbb7-84440354ae00",
    "data": [
      {
        "text": "Bueno",
        "alias": "buenos",
        "meta": "@buenos",
        "userDefined": false
      },
      {
        "text": ", adiós",
        "userDefined": false
      }
    ],
    "isTemplate": false,
    "count": 0,
    "updated": 0
  },
  {
    "id": "ce720b70-ea22-46b1-92ff-de285d9c012b",
    "data": [
      {
        "text": "Adiós",
        "meta": "@sys.ignore",
        "userDefined": false
      }
    ],
    "isTemplate": false,
    "count": 0,
    "updated": 0
  },
  {
    "id": "912dd091-9f98-4c1a-8720-17114fb5ec00",
    "data": [
      {
        "text": "Hasta aquí",
        "userDefined": false
      }
    ],
    "isTemplate": false,
    "count": 0,
    "updated": 0
  },
  {
    "id": "cbab1a06-4bc7-4499-bfc9-b5dd5438b979",
    "data": [
      {
        "text": "Ya no quiero más",
        "userDefined": false
      }
    ],
    "isTemplate": false,
    "count": 0,
    "updated": 0
  },
  {
    "id": "47716f36-5dd9-4f69-a79e-c9c021502518",
    "data": [
      {
        "text": "Me tengo que ir, gracias!",
        "userDefined": false
      }
    ],
    "isTemplate": false,
    "count": 0,
    "updated": 0
  },
  {
    "id": "454e6d7b-a189-4593-b74d-4ad0f0ff2e38",
    "data": [
      {
        "text": "Eso ",
        "userDefined": false
      },
      {
        "text": "ha",
        "meta": "@sys.ignore",
        "userDefined": false
      },
      {
        "text": " sido todo",
        "userDefined": false
      }
    ],
    "isTemplate": false,
    "count": 0,
    "updated": 0
  },
  {
    "id": "c23a567b-7a6e-4762-9e4f-e423c035c8a1",
    "data": [
      {
        "text": "Bueno",
        "alias": "buenos",
        "meta": "@buenos",
        "userDefined": false
      },
      {
        "text": ", me tengo que ir",
        "userDefined": false
      }
    ],
    "isTemplate": false,
    "count": 0,
    "updated": 0
  }
]