[
  {
    "id": "5b1d0609-79d7-4ec2-b4cf-f6bd41246ad1",
    "data": [
      {
        "text": "Necesito unos ",
        "userDefined": false
      },
      {
        "text": "zapatos",
        "alias": "ropa",
        "meta": "@ropa",
        "userDefined": false
      }
    ],
    "isTemplate": false,
    "count": 0,
    "updated": 0
  },
  {
    "id": "6d3ca811-f84e-45b5-a8e9-e568d7bc01e3",
    "data": [
      {
        "text": "Camisetas",
        "alias": "ropa",
        "meta": "@ropa",
        "userDefined": false
      }
    ],
    "isTemplate": false,
    "count": 0,
    "updated": 0
  },
  {
    "id": "aa3b2cbe-ddb7-4417-a5d3-291c380b5e5c",
    "data": [
      {
        "text": "Quiero comprarme unas ",
        "userDefined": false
      },
      {
        "text": "sandalias",
        "alias": "ropa",
        "meta": "@ropa",
        "userDefined": true
      }
    ],
    "isTemplate": false,
    "count": 0,
    "updated": 0
  },
  {
    "id": "b9f2281b-c016-430d-8a48-3c07e33cbece",
    "data": [
      {
        "text": "Quiero ver ",
        "userDefined": false
      },
      {
        "text": "camisetas",
        "alias": "ropa",
        "meta": "@ropa",
        "userDefined": true
      }
    ],
    "isTemplate": false,
    "count": 0,
    "updated": 0
  },
  {
    "id": "fc096d52-ad77-4180-8dc6-9a8b34ac9f31",
    "data": [
      {
        "text": "Me gustaria que me recomendaras ",
        "userDefined": false
      },
      {
        "text": "una",
        "meta": "@sys.ignore",
        "userDefined": false
      },
      {
        "text": " ",
        "userDefined": false
      },
      {
        "text": "camiseta",
        "alias": "ropa",
        "meta": "@ropa",
        "userDefined": false
      }
    ],
    "isTemplate": false,
    "count": 0,
    "updated": 0
  },
  {
    "id": "3dcdd7e6-1b14-446c-8ca3-1bc94773515a",
    "data": [
      {
        "text": "Quiero que me recomiendes algo para salir de ",
        "userDefined": false
      },
      {
        "text": "fiesta",
        "alias": "ropa",
        "meta": "@ropa",
        "userDefined": false
      }
    ],
    "isTemplate": false,
    "count": 0,
    "updated": 0
  },
  {
    "id": "481570df-cf5b-49cd-bfb7-e6a91552e7d9",
    "data": [
      {
        "text": "Quiero que me recomiendes ",
        "userDefined": false
      },
      {
        "text": "un",
        "meta": "@sys.ignore",
        "userDefined": false
      },
      {
        "text": " ",
        "userDefined": false
      },
      {
        "text": "vestido",
        "alias": "ropa",
        "meta": "@ropa",
        "userDefined": false
      }
    ],
    "isTemplate": false,
    "count": 0,
    "updated": 0
  },
  {
    "id": "1d6c148c-e7e5-49f7-9c11-eafb9a962120",
    "data": [
      {
        "text": "Recomiendame ",
        "userDefined": false
      },
      {
        "text": "vestidos",
        "alias": "ropa",
        "meta": "@ropa",
        "userDefined": true
      }
    ],
    "isTemplate": false,
    "count": 0,
    "updated": 0
  },
  {
    "id": "679906aa-f05c-409d-9f91-448450e68aaf",
    "data": [
      {
        "text": "Busco una ",
        "userDefined": false
      },
      {
        "text": "pijama",
        "alias": "ropa",
        "meta": "@ropa",
        "userDefined": true
      }
    ],
    "isTemplate": false,
    "count": 0,
    "updated": 0
  },
  {
    "id": "533e97d7-cecc-418c-a8d8-767ee3884692",
    "data": [
      {
        "text": "Necesito algo para hacer ",
        "userDefined": false
      },
      {
        "text": "deporte",
        "alias": "ropa",
        "meta": "@ropa",
        "userDefined": true
      }
    ],
    "isTemplate": false,
    "count": 0,
    "updated": 0
  },
  {
    "id": "61370654-a594-4929-8cae-86e70013bcb3",
    "data": [
      {
        "text": "Me recomendarias alguna ",
        "userDefined": false
      },
      {
        "text": "camiseta",
        "alias": "ropa",
        "meta": "@ropa",
        "userDefined": true
      }
    ],
    "isTemplate": false,
    "count": 0,
    "updated": 0
  },
  {
    "id": "152b5a4d-ed19-4c4e-a9b9-000429a6bc2c",
    "data": [
      {
        "text": "Quiero comprar una ",
        "userDefined": false
      },
      {
        "text": "falda",
        "alias": "ropa",
        "meta": "@ropa",
        "userDefined": true
      }
    ],
    "isTemplate": false,
    "count": 0,
    "updated": 0
  },
  {
    "id": "a89712b9-98a7-4d59-9c23-9d1eb29b857a",
    "data": [
      {
        "text": "Estoy buscando  nuevos ",
        "userDefined": false
      },
      {
        "text": "zapatos",
        "alias": "ropa",
        "meta": "@ropa",
        "userDefined": true
      }
    ],
    "isTemplate": false,
    "count": 0,
    "updated": 0
  }
]