[
  {
    "id": "171150ed-ff5a-4f00-99e2-ee2de962182a",
    "data": [
      {
        "text": "Quiero que busques en el diccionario que es ",
        "userDefined": false
      },
      {
        "text": "casa",
        "alias": "any",
        "meta": "@sys.any",
        "userDefined": true
      }
    ],
    "isTemplate": false,
    "count": 0,
    "updated": 0
  },
  {
    "id": "cfbb9e8a-7f16-4a05-b19a-ae8b90998bff",
    "data": [
      {
        "text": "Cual es el significado de ",
        "userDefined": false
      },
      {
        "text": "casa",
        "alias": "any",
        "meta": "@sys.any",
        "userDefined": true
      },
      {
        "text": "?",
        "userDefined": false
      }
    ],
    "isTemplate": false,
    "count": 0,
    "updated": 0
  },
  {
    "id": "65df4747-17c5-4f7e-bebb-7041f5b027d2",
    "data": [
      {
        "text": "Quiero el significado de ",
        "userDefined": false
      },
      {
        "text": "casa",
        "alias": "any",
        "meta": "@sys.any",
        "userDefined": true
      }
    ],
    "isTemplate": false,
    "count": 0,
    "updated": 0
  },
  {
    "id": "40f1360b-9799-408c-9bb6-8e65be1f663e",
    "data": [
      {
        "text": "Quiero ",
        "userDefined": false
      },
      {
        "text": "saber",
        "meta": "@sys.ignore",
        "userDefined": false
      },
      {
        "text": " que es ",
        "userDefined": false
      },
      {
        "text": "pañuelo",
        "alias": "any",
        "meta": "@sys.any",
        "userDefined": true
      }
    ],
    "isTemplate": false,
    "count": 0,
    "updated": 0
  },
  {
    "id": "24040e69-abcd-4331-a979-8bc0305f8eed",
    "data": [
      {
        "text": "Estuche",
        "alias": "any",
        "meta": "@sys.any",
        "userDefined": true
      }
    ],
    "isTemplate": false,
    "count": 0,
    "updated": 0
  },
  {
    "id": "4e28c51f-0f6e-451c-99d5-7e0451fd4977",
    "data": [
      {
        "text": "Quiero buscar ",
        "userDefined": false
      },
      {
        "text": "diplodocus",
        "alias": "any",
        "meta": "@sys.any",
        "userDefined": true
      }
    ],
    "isTemplate": false,
    "count": 0,
    "updated": 0
  }
]