[
  {
    "id": "563984e7-a1a3-47e6-9f37-d842145d51e2",
    "data": [
      {
        "text": "Quiero saber que es ",
        "userDefined": false
      },
      {
        "text": "casa",
        "alias": "any",
        "meta": "@sys.any",
        "userDefined": true
      }
    ],
    "isTemplate": false,
    "count": 0,
    "updated": 0
  },
  {
    "id": "652fafd1-fdcb-4ea8-b677-e1669888f4ac",
    "data": [
      {
        "text": "Quiero buscar ",
        "userDefined": false
      },
      {
        "text": "casa",
        "alias": "any",
        "meta": "@sys.any",
        "userDefined": true
      }
    ],
    "isTemplate": false,
    "count": 0,
    "updated": 0
  },
  {
    "id": "9b3eaebb-8e4c-47a3-b630-273f4aeabb84",
    "data": [
      {
        "text": "Casa",
        "alias": "any",
        "meta": "@sys.any",
        "userDefined": true
      }
    ],
    "isTemplate": false,
    "count": 0,
    "updated": 0
  },
  {
    "id": "1ad11e59-1046-40ce-8d8a-bb33c8ba39b9",
    "data": [
      {
        "text": "Quiero que me digas que significa ",
        "userDefined": false
      },
      {
        "text": "casa",
        "alias": "any",
        "meta": "@sys.any",
        "userDefined": true
      }
    ],
    "isTemplate": false,
    "count": 0,
    "updated": 0
  },
  {
    "id": "65b0a380-339e-4593-b6cb-692ae84f7754",
    "data": [
      {
        "text": "Quiero el significado de ",
        "userDefined": false
      },
      {
        "text": "casa",
        "alias": "any",
        "meta": "@sys.any",
        "userDefined": true
      }
    ],
    "isTemplate": false,
    "count": 0,
    "updated": 0
  },
  {
    "id": "acbbcdfe-30a2-46b5-80dc-3776f9678337",
    "data": [
      {
        "text": "Qué significa ",
        "userDefined": false
      },
      {
        "text": "casa",
        "alias": "any",
        "meta": "@sys.any",
        "userDefined": true
      },
      {
        "text": "?",
        "userDefined": false
      }
    ],
    "isTemplate": false,
    "count": 0,
    "updated": 0
  },
  {
    "id": "f5e1e1a0-b4c5-4194-af63-581455607542",
    "data": [
      {
        "text": "Cual es el significado de ",
        "userDefined": false
      },
      {
        "text": "casa",
        "alias": "any",
        "meta": "@sys.any",
        "userDefined": true
      },
      {
        "text": "?",
        "userDefined": false
      }
    ],
    "isTemplate": false,
    "count": 0,
    "updated": 0
  },
  {
    "id": "2bc60f0a-01a5-4e87-812f-c643e6678c31",
    "data": [
      {
        "text": "Quiero que busques en el diccionario que es ",
        "userDefined": false
      },
      {
        "text": "casa",
        "alias": "any",
        "meta": "@sys.any",
        "userDefined": true
      }
    ],
    "isTemplate": false,
    "count": 0,
    "updated": 0
  }
]