[
  {
    "id": "0cd73496-f581-4cd3-82d0-88c8cb007925",
    "data": [
      {
        "text": "Quiero saber el significado de una palabra",
        "userDefined": false
      }
    ],
    "isTemplate": false,
    "count": 0,
    "updated": 0
  },
  {
    "id": "01432add-e5f2-4e30-a4a3-d1769482e5c2",
    "data": [
      {
        "text": "Quiero buscar ",
        "userDefined": false
      },
      {
        "text": "una",
        "meta": "@sys.ignore",
        "userDefined": false
      },
      {
        "text": " palabra en el diccionario",
        "userDefined": false
      }
    ],
    "isTemplate": false,
    "count": 0,
    "updated": 0
  },
  {
    "id": "06f2c7f6-a8e9-4b67-8e0a-013eda9f4af7",
    "data": [
      {
        "text": "Diccionario",
        "userDefined": false
      }
    ],
    "isTemplate": false,
    "count": 0,
    "updated": 0
  },
  {
    "id": "ef32c007-fd44-49ab-afad-eb8220defe02",
    "data": [
      {
        "text": "Quiero usar el diccionario",
        "userDefined": false
      }
    ],
    "isTemplate": false,
    "count": 0,
    "updated": 0
  },
  {
    "id": "13980257-81c3-42de-9e69-49e6843823c9",
    "data": [
      {
        "text": "Quiero buscar el significado de ",
        "userDefined": false
      },
      {
        "text": "una",
        "meta": "@sys.ignore",
        "userDefined": false
      },
      {
        "text": " palabra",
        "userDefined": false
      }
    ],
    "isTemplate": false,
    "count": 0,
    "updated": 0
  },
  {
    "id": "40d8c0a9-bc56-4564-ad96-93628bb3d9ba",
    "data": [
      {
        "text": "Quiero ",
        "userDefined": false
      },
      {
        "text": "saber",
        "meta": "@sys.ignore",
        "userDefined": false
      },
      {
        "text": " que ",
        "userDefined": false
      },
      {
        "text": "es",
        "meta": "@sys.ignore",
        "userDefined": false
      }
    ],
    "isTemplate": false,
    "count": 0,
    "updated": 0
  },
  {
    "id": "5f9cab90-6d46-4df6-ae06-870a3c1f27c3",
    "data": [
      {
        "text": "Quiero ",
        "userDefined": false
      },
      {
        "text": "saber",
        "meta": "@sys.ignore",
        "userDefined": false
      },
      {
        "text": " su significado",
        "userDefined": false
      }
    ],
    "isTemplate": false,
    "count": 0,
    "updated": 0
  },
  {
    "id": "8099b7ee-fcfa-4f42-9f5f-da5e0dc94a95",
    "data": [
      {
        "text": "Quiero buscarla en el diccionario",
        "userDefined": false
      }
    ],
    "isTemplate": false,
    "count": 0,
    "updated": 0
  }
]