[
  {
    "id": "228f16a8-eb2b-452a-84ad-ea072d38c873",
    "data": [
      {
        "text": "¿Qué opciones hay?",
        "userDefined": false
      }
    ],
    "isTemplate": false,
    "count": 0,
    "updated": 0
  },
  {
    "id": "e208f878-6fb0-4cdb-b693-5128e1b270c7",
    "data": [
      {
        "text": "¿Cómo me puedes ayudar?",
        "userDefined": false
      }
    ],
    "isTemplate": false,
    "count": 0,
    "updated": 0
  },
  {
    "id": "f418e959-d851-4315-92a2-c96cdd4e6c07",
    "data": [
      {
        "text": "¿Tienes ",
        "userDefined": false
      },
      {
        "text": "un",
        "alias": "number",
        "meta": "@sys.number",
        "userDefined": false
      },
      {
        "text": " menú?",
        "userDefined": false
      }
    ],
    "isTemplate": false,
    "count": 0,
    "updated": 0
  },
  {
    "id": "fddc5514-03cb-42e3-b703-de85b92f82d8",
    "data": [
      {
        "text": "¿Qué puedes hacer?",
        "userDefined": false
      }
    ],
    "isTemplate": false,
    "count": 0,
    "updated": 0
  },
  {
    "id": "eaeb77ac-3059-4e21-b69f-a3fce4dc4404",
    "data": [
      {
        "text": "Opciones",
        "userDefined": false
      }
    ],
    "isTemplate": false,
    "count": 0,
    "updated": 0
  },
  {
    "id": "976957b6-6dc5-4050-ad3c-0e0a62b2ea1e",
    "data": [
      {
        "text": "Menú",
        "userDefined": false
      }
    ],
    "isTemplate": false,
    "count": 0,
    "updated": 0
  }
]