[
  {
    "id": "99be4418-00a3-4473-bb11-766dea173507",
    "data": [
      {
        "text": "Quiero",
        "meta": "@sys.ignore",
        "userDefined": false
      },
      {
        "text": " saber la capital de ",
        "userDefined": false
      },
      {
        "text": "España",
        "alias": "capitales",
        "meta": "@capitales",
        "userDefined": false
      }
    ],
    "isTemplate": false,
    "count": 0,
    "updated": 0
  },
  {
    "id": "7d40780f-e870-4da4-ae28-49b926ec87af",
    "data": [
      {
        "text": "Me gustaria saber la capital de ",
        "userDefined": false
      },
      {
        "text": "España",
        "alias": "capitales",
        "meta": "@capitales",
        "userDefined": false
      }
    ],
    "isTemplate": false,
    "count": 0,
    "updated": 0
  },
  {
    "id": "18ce9fb4-5f64-49fb-96b3-db41726f4cdf",
    "data": [
      {
        "text": "Quiero",
        "meta": "@sys.ignore",
        "userDefined": false
      },
      {
        "text": " saber cuál es la capital de ",
        "userDefined": false
      },
      {
        "text": "España",
        "alias": "capitales",
        "meta": "@capitales",
        "userDefined": false
      }
    ],
    "isTemplate": false,
    "count": 0,
    "updated": 0
  },
  {
    "id": "3f02da0d-68d9-4040-9896-103d1f75c03c",
    "data": [
      {
        "text": "La capital",
        "meta": "@sys.ignore",
        "userDefined": false
      },
      {
        "text": " de ",
        "userDefined": false
      },
      {
        "text": "Grecia",
        "alias": "capitales",
        "meta": "@capitales",
        "userDefined": false
      }
    ],
    "isTemplate": false,
    "count": 0,
    "updated": 0
  },
  {
    "id": "477dc3cc-40e2-4ae0-aff9-83545e0afb27",
    "data": [
      {
        "text": "Dime ",
        "userDefined": false
      },
      {
        "text": "la capital",
        "meta": "@sys.ignore",
        "userDefined": false
      },
      {
        "text": " de ",
        "userDefined": false
      },
      {
        "text": "Italia",
        "alias": "capitales",
        "meta": "@capitales",
        "userDefined": false
      }
    ],
    "isTemplate": false,
    "count": 1,
    "updated": 0
  },
  {
    "id": "76dbcfc0-39ec-4d63-9135-ba79f920c8d8",
    "data": [
      {
        "text": "¿La capital de ",
        "userDefined": false
      },
      {
        "text": "Espana",
        "alias": "capitales",
        "meta": "@capitales",
        "userDefined": true
      },
      {
        "text": " es?",
        "userDefined": false
      }
    ],
    "isTemplate": false,
    "count": 0,
    "updated": 0
  },
  {
    "id": "7e87d010-5b63-481a-b2ab-1df87a7f3354",
    "data": [
      {
        "text": "¿Cuál es la capital de ",
        "userDefined": false
      },
      {
        "text": "Francia",
        "alias": "capitales",
        "meta": "@capitales",
        "userDefined": true
      },
      {
        "text": "?",
        "userDefined": false
      }
    ],
    "isTemplate": false,
    "count": 0,
    "updated": 0
  }
]