[
  {
    "id": "b5828a37-9799-4112-8f42-e84f47c44437",
    "data": [
      {
        "text": "Película",
        "userDefined": false
      }
    ],
    "isTemplate": false,
    "count": 0,
    "updated": 0
  },
  {
    "id": "a3b732d7-7823-4803-b11e-323f5d363e43",
    "data": [
      {
        "text": "Recomendación de película",
        "userDefined": false
      }
    ],
    "isTemplate": false,
    "count": 0,
    "updated": 0
  },
  {
    "id": "6909bbb3-dd36-4b37-844c-b86af9d5fb90",
    "data": [
      {
        "text": "Quiero que me recomiendes ",
        "userDefined": false
      },
      {
        "text": "una",
        "alias": "number",
        "meta": "@sys.number",
        "userDefined": false
      },
      {
        "text": " película ",
        "userDefined": false
      },
      {
        "text": "para",
        "meta": "@sys.ignore",
        "userDefined": false
      },
      {
        "text": " ver",
        "userDefined": false
      }
    ],
    "isTemplate": false,
    "count": 1,
    "updated": 0
  },
  {
    "id": "9e0105fb-4814-4e87-bdb3-0843834ba975",
    "data": [
      {
        "text": "Quiero ver ",
        "userDefined": false
      },
      {
        "text": "una",
        "alias": "number",
        "meta": "@sys.number",
        "userDefined": false
      },
      {
        "text": " película, ¿me recomiendas alguna?",
        "userDefined": false
      }
    ],
    "isTemplate": false,
    "count": 0,
    "updated": 0
  },
  {
    "id": "14f5f50e-6893-48dd-a85a-3106629bbcbb",
    "data": [
      {
        "text": "Quiero ver ",
        "userDefined": false
      },
      {
        "text": "una",
        "alias": "number",
        "meta": "@sys.number",
        "userDefined": false
      },
      {
        "text": " película",
        "userDefined": false
      }
    ],
    "isTemplate": false,
    "count": 0,
    "updated": 0
  },
  {
    "id": "b5d88d2c-4088-48c1-9720-f36d666f9267",
    "data": [
      {
        "text": "¿Me recomiendas ",
        "userDefined": false
      },
      {
        "text": "una",
        "alias": "number",
        "meta": "@sys.number",
        "userDefined": false
      },
      {
        "text": " película?",
        "userDefined": false
      }
    ],
    "isTemplate": false,
    "count": 0,
    "updated": 0
  }
]