[
  {
    "id": "00f17b3e-0a3f-4609-b10a-06d3d7d31cf3",
    "data": [
      {
        "text": "Quiero algo de ",
        "userDefined": false
      },
      {
        "text": "chocolate",
        "alias": "comida",
        "meta": "@comida",
        "userDefined": false
      }
    ],
    "isTemplate": false,
    "count": 0,
    "updated": 0
  },
  {
    "id": "17dbb47e-f306-4e34-bfb9-bd3d809a38bd",
    "data": [
      {
        "text": "Quiero algo ",
        "userDefined": false
      },
      {
        "text": "con",
        "meta": "@sys.ignore",
        "userDefined": false
      },
      {
        "text": " ",
        "userDefined": false
      },
      {
        "text": "garbanzos",
        "alias": "comida",
        "meta": "@comida",
        "userDefined": false
      }
    ],
    "isTemplate": false,
    "count": 0,
    "updated": 0
  },
  {
    "id": "63677d4a-039e-4c3a-be2a-9a44af104996",
    "data": [
      {
        "text": "Me apetece algo como ",
        "userDefined": false
      },
      {
        "text": "tiramisu",
        "alias": "comida",
        "meta": "@comida",
        "userDefined": false
      }
    ],
    "isTemplate": false,
    "count": 0,
    "updated": 0
  },
  {
    "id": "703e1f71-4296-47c6-90f2-429d8a8625ed",
    "data": [
      {
        "text": "Me apetece algo ",
        "userDefined": false
      },
      {
        "text": "con",
        "meta": "@sys.ignore",
        "userDefined": false
      },
      {
        "text": " ",
        "userDefined": false
      },
      {
        "text": "patatas",
        "alias": "comida",
        "meta": "@comida",
        "userDefined": false
      }
    ],
    "isTemplate": false,
    "count": 0,
    "updated": 0
  },
  {
    "id": "45e68033-f422-4f10-8902-1142d6be7de7",
    "data": [
      {
        "text": "Quiero un ",
        "userDefined": false
      },
      {
        "text": "postre",
        "alias": "comida",
        "meta": "@comida",
        "userDefined": false
      }
    ],
    "isTemplate": false,
    "count": 0,
    "updated": 0
  },
  {
    "id": "49b1acdc-3c33-4416-97ef-9b3cf3c42d66",
    "data": [
      {
        "text": "Me apetece ",
        "userDefined": false
      },
      {
        "text": "cocinar",
        "meta": "@sys.ignore",
        "userDefined": false
      },
      {
        "text": " un ",
        "userDefined": false
      },
      {
        "text": "postre",
        "alias": "comida",
        "meta": "@comida",
        "userDefined": false
      }
    ],
    "isTemplate": false,
    "count": 0,
    "updated": 0
  },
  {
    "id": "4f7700ad-9fe8-49a6-bc98-ba52382bfb9a",
    "data": [
      {
        "text": "Quiero algo como ",
        "userDefined": false
      },
      {
        "text": "una",
        "meta": "@sys.ignore",
        "userDefined": false
      },
      {
        "text": " ",
        "userDefined": false
      },
      {
        "text": "ensalada",
        "alias": "comida",
        "meta": "@comida",
        "userDefined": false
      }
    ],
    "isTemplate": false,
    "count": 0,
    "updated": 0
  }
]