[
  {
    "id": "1cd97169-3655-4e87-a168-54c8d3cf0384",
    "data": [
      {
        "text": "Me apetece escuchar algo de ",
        "userDefined": false
      },
      {
        "text": "rock",
        "alias": "music-genre",
        "meta": "@sys.music-genre",
        "userDefined": false
      }
    ],
    "isTemplate": false,
    "count": 0,
    "updated": 0
  },
  {
    "id": "1f5a489b-3e45-4463-86e7-6d72c11fc24a",
    "data": [
      {
        "text": "Quiero escuchar algo de ",
        "userDefined": false
      },
      {
        "text": "pop",
        "alias": "music-genre",
        "meta": "@sys.music-genre",
        "userDefined": false
      }
    ],
    "isTemplate": false,
    "count": 0,
    "updated": 0
  },
  {
    "id": "b4fb241f-a839-4ec4-97ec-697a40392589",
    "data": [
      {
        "text": "Quiero escuchar algo de ",
        "userDefined": false
      },
      {
        "text": "Pink",
        "alias": "music-artist",
        "meta": "@sys.music-artist",
        "userDefined": false
      }
    ],
    "isTemplate": false,
    "count": 0,
    "updated": 0
  },
  {
    "id": "cb2801cf-c279-4853-ab08-5a09ce42a6bb",
    "data": [
      {
        "text": "Me apetece escuchar ",
        "userDefined": false
      },
      {
        "text": "una",
        "alias": "number",
        "meta": "@sys.number",
        "userDefined": false
      },
      {
        "text": " ",
        "userDefined": false
      },
      {
        "text": "canción de",
        "meta": "@sys.ignore",
        "userDefined": false
      },
      {
        "text": " ",
        "userDefined": false
      },
      {
        "text": "Michael Jackson",
        "alias": "music-artist",
        "meta": "@sys.music-artist",
        "userDefined": false
      }
    ],
    "isTemplate": false,
    "count": 0,
    "updated": 0
  },
  {
    "id": "af212e07-4876-448e-b104-bef49d6012fa",
    "data": [
      {
        "text": "Ponme ",
        "userDefined": false
      },
      {
        "text": "una",
        "alias": "number",
        "meta": "@sys.number",
        "userDefined": false
      },
      {
        "text": " de ",
        "userDefined": false
      },
      {
        "text": "Extremoduro",
        "alias": "music-artist",
        "meta": "@sys.music-artist",
        "userDefined": false
      }
    ],
    "isTemplate": false,
    "count": 0,
    "updated": 0
  },
  {
    "id": "0c97654f-44f6-4100-8c5e-5d9396e8faa8",
    "data": [
      {
        "text": "Quiero algo de ",
        "userDefined": false
      },
      {
        "text": "Pink",
        "alias": "music-artist",
        "meta": "@sys.music-artist",
        "userDefined": false
      }
    ],
    "isTemplate": false,
    "count": 0,
    "updated": 0
  },
  {
    "id": "6f407d4e-143d-49c1-9d88-43682598fc24",
    "data": [
      {
        "text": "quiero algo de ",
        "userDefined": false
      },
      {
        "text": "rock",
        "alias": "music-genre",
        "meta": "@sys.music-genre",
        "userDefined": false
      }
    ],
    "isTemplate": false,
    "count": 0,
    "updated": 0
  },
  {
    "id": "6b64c73b-3ed0-4b9b-89d2-9a285b5cafeb",
    "data": [
      {
        "text": "ponme ",
        "userDefined": false
      },
      {
        "text": "una",
        "alias": "number",
        "meta": "@sys.number",
        "userDefined": false
      },
      {
        "text": " de ",
        "userDefined": false
      },
      {
        "text": "rock",
        "alias": "music-genre",
        "meta": "@sys.music-genre",
        "userDefined": false
      }
    ],
    "isTemplate": false,
    "count": 0,
    "updated": 0
  },
  {
    "id": "45a55cdb-db4d-484a-8acd-1a4121c38ef7",
    "data": [
      {
        "text": "me apetece escuchar ",
        "userDefined": false
      },
      {
        "text": "una",
        "alias": "number",
        "meta": "@sys.number",
        "userDefined": false
      },
      {
        "text": " de ",
        "userDefined": false
      },
      {
        "text": "rock",
        "alias": "music-genre",
        "meta": "@sys.music-genre",
        "userDefined": false
      }
    ],
    "isTemplate": false,
    "count": 0,
    "updated": 0
  },
  {
    "id": "150abca5-4212-4f28-9db8-13e2dda79ad8",
    "data": [
      {
        "text": "ponme una ",
        "userDefined": false
      },
      {
        "text": "canción de",
        "alias": "generos_peliculas",
        "meta": "@generos_peliculas",
        "userDefined": false
      },
      {
        "text": " ",
        "userDefined": false
      },
      {
        "text": "extremoduro",
        "alias": "music-artist",
        "meta": "@sys.music-artist",
        "userDefined": false
      }
    ],
    "isTemplate": false,
    "count": 0,
    "updated": 0
  }
]