[
  {
    "id": "d4f46585-7e39-4fce-91c0-322cd00c8582",
    "data": [
      {
        "text": "Recomendación",
        "userDefined": false
      }
    ],
    "isTemplate": false,
    "count": 0,
    "updated": 0
  },
  {
    "id": "c26316db-f575-40a1-ba5e-deb057823cfa",
    "data": [
      {
        "text": "Recomendaciones",
        "userDefined": false
      }
    ],
    "isTemplate": false,
    "count": 0,
    "updated": 0
  },
  {
    "id": "f6bd6c53-6bdd-4cfc-bcc6-42e34d808b6b",
    "data": [
      {
        "text": "Quiero recomendación",
        "userDefined": false
      }
    ],
    "isTemplate": false,
    "count": 0,
    "updated": 0
  },
  {
    "id": "6cb2cd73-d0aa-46be-9534-53ed1a4f32e0",
    "data": [
      {
        "text": "Quiero recomendaciones",
        "userDefined": false
      }
    ],
    "isTemplate": false,
    "count": 0,
    "updated": 0
  },
  {
    "id": "d0ba8654-ce70-4b6b-8660-36bf2114dc26",
    "data": [
      {
        "text": "Necesito que me recomiendes",
        "userDefined": false
      }
    ],
    "isTemplate": false,
    "count": 0,
    "updated": 0
  }
]