[
  {
    "id": "6ec4ca50-938b-4c60-abc2-6e98a8b1eb02",
    "data": [
      {
        "text": "Quiero ver ",
        "userDefined": false
      },
      {
        "text": "una",
        "alias": "number",
        "meta": "@sys.number",
        "userDefined": false
      },
      {
        "text": " ",
        "userDefined": false
      },
      {
        "text": "de risa",
        "alias": "generos_peliculas",
        "meta": "@generos_peliculas",
        "userDefined": false
      }
    ],
    "isTemplate": false,
    "count": 0,
    "updated": 0
  },
  {
    "id": "a403c3c7-ab47-4637-82c4-ea39cc9055fd",
    "data": [
      {
        "text": "Ponme ",
        "userDefined": false
      },
      {
        "text": "una",
        "alias": "number",
        "meta": "@sys.number",
        "userDefined": false
      },
      {
        "text": " ",
        "userDefined": false
      },
      {
        "text": "comedia",
        "alias": "generos_peliculas",
        "meta": "@generos_peliculas",
        "userDefined": false
      }
    ],
    "isTemplate": false,
    "count": 0,
    "updated": 0
  },
  {
    "id": "ee47bcd9-ac39-44a5-a94f-9f24ac451baf",
    "data": [
      {
        "text": "Me apetece ver ",
        "userDefined": false
      },
      {
        "text": "una",
        "alias": "number",
        "meta": "@sys.number",
        "userDefined": false
      },
      {
        "text": " ",
        "userDefined": false
      },
      {
        "text": "de acción",
        "alias": "generos_peliculas",
        "meta": "@generos_peliculas",
        "userDefined": false
      }
    ],
    "isTemplate": false,
    "count": 0,
    "updated": 0
  },
  {
    "id": "3ca4693c-e6a9-4d65-bfbd-d005e10acd63",
    "data": [
      {
        "text": "Recomiéndame ",
        "userDefined": false
      },
      {
        "text": "una",
        "alias": "number",
        "meta": "@sys.number",
        "userDefined": false
      },
      {
        "text": " ",
        "userDefined": false
      },
      {
        "text": "de terror",
        "alias": "generos_peliculas",
        "meta": "@generos_peliculas",
        "userDefined": false
      }
    ],
    "isTemplate": false,
    "count": 0,
    "updated": 0
  },
  {
    "id": "419afe54-b6d6-4d87-9a8c-95ba027a9651",
    "data": [
      {
        "text": "Me gustaría que me recomiendes ",
        "userDefined": false
      },
      {
        "text": "un",
        "alias": "number",
        "meta": "@sys.number",
        "userDefined": false
      },
      {
        "text": " ",
        "userDefined": false
      },
      {
        "text": "musical",
        "alias": "generos_peliculas",
        "meta": "@generos_peliculas",
        "userDefined": false
      }
    ],
    "isTemplate": false,
    "count": 0,
    "updated": 0
  },
  {
    "id": "52f4d087-f05c-4b6e-bfcd-66f931b02c3d",
    "data": [
      {
        "text": "Me apetece ",
        "userDefined": false
      },
      {
        "text": "una",
        "alias": "number",
        "meta": "@sys.number",
        "userDefined": false
      },
      {
        "text": " de ",
        "userDefined": false
      },
      {
        "text": "ciencia ficción",
        "alias": "generos_peliculas",
        "meta": "@generos_peliculas",
        "userDefined": false
      }
    ],
    "isTemplate": false,
    "count": 0,
    "updated": 0
  },
  {
    "id": "457a1e12-b101-417b-b0d3-ae83525a4571",
    "data": [
      {
        "text": "Quiero ",
        "userDefined": false
      },
      {
        "text": "una",
        "alias": "number",
        "meta": "@sys.number",
        "userDefined": false
      },
      {
        "text": " ",
        "userDefined": false
      },
      {
        "text": "de risa",
        "alias": "generos_peliculas",
        "meta": "@generos_peliculas",
        "userDefined": false
      }
    ],
    "isTemplate": false,
    "count": 0,
    "updated": 0
  }
]