[
  {
    "id": "d626d82f-ac0f-4a26-83cc-3e5c7da9f2f8",
    "data": [
      {
        "text": "Quiero ",
        "userDefined": false
      },
      {
        "text": "una",
        "meta": "@sys.ignore",
        "userDefined": false
      },
      {
        "text": " recomendación de ",
        "userDefined": false
      },
      {
        "text": "ropa",
        "meta": "@sys.ignore",
        "userDefined": false
      }
    ],
    "isTemplate": false,
    "count": 0,
    "updated": 0
  },
  {
    "id": "7f4d0a11-e7a6-4c6d-a509-995e1abd3a06",
    "data": [
      {
        "text": "Quiero que me recomiendes ",
        "userDefined": false
      },
      {
        "text": "ropa",
        "meta": "@sys.ignore",
        "userDefined": false
      }
    ],
    "isTemplate": false,
    "count": 0,
    "updated": 0
  },
  {
    "id": "991ab4f8-8466-465c-896f-954f344621bc",
    "data": [
      {
        "text": "Quiero ",
        "userDefined": false
      },
      {
        "text": "ropa",
        "meta": "@sys.ignore",
        "userDefined": false
      }
    ],
    "isTemplate": false,
    "count": 0,
    "updated": 0
  },
  {
    "id": "70ca4186-8b3e-4212-8779-c5fc6cea93a4",
    "data": [
      {
        "text": "Ropa",
        "userDefined": false
      }
    ],
    "isTemplate": false,
    "count": 0,
    "updated": 0
  },
  {
    "id": "b511c484-b3ff-451a-a32f-524354985cbe",
    "data": [
      {
        "text": "Recomendación ",
        "userDefined": false
      },
      {
        "text": "de",
        "meta": "@sys.ignore",
        "userDefined": false
      },
      {
        "text": " ",
        "userDefined": false
      },
      {
        "text": "ropa",
        "meta": "@sys.ignore",
        "userDefined": false
      }
    ],
    "isTemplate": false,
    "count": 0,
    "updated": 0
  },
  {
    "id": "8718d427-8d86-44a7-af32-6c29803e2650",
    "data": [
      {
        "text": "Me recomiendas ",
        "userDefined": false
      },
      {
        "text": "ropa",
        "meta": "@sys.ignore",
        "userDefined": false
      }
    ],
    "isTemplate": false,
    "count": 0,
    "updated": 0
  }
]