[
  {
    "id": "9f1a65ff-5b0d-4057-9f3f-affe7cc868fb",
    "data": [
      {
        "text": "Berenjena",
        "alias": "comida",
        "meta": "@comida",
        "userDefined": false
      }
    ],
    "isTemplate": false,
    "count": 0,
    "updated": 0
  },
  {
    "id": "8aaea4cd-7ea4-4e68-9c5b-2d8740b97e7b",
    "data": [
      {
        "text": "Brocoli",
        "alias": "comida",
        "meta": "@comida",
        "userDefined": false
      }
    ],
    "isTemplate": false,
    "count": 0,
    "updated": 0
  }
]