[
  {
    "id": "51bf88ef-e8f4-492c-b7f6-f918bbb16599",
    "data": [
      {
        "text": "Marrón",
        "meta": "@sys.ignore",
        "userDefined": false
      }
    ],
    "isTemplate": false,
    "count": 0,
    "updated": 0
  },
  {
    "id": "ed4cd415-2526-42f4-836b-f748069d27ee",
    "data": [
      {
        "text": "Gris",
        "meta": "@sys.ignore",
        "userDefined": false
      }
    ],
    "isTemplate": false,
    "count": 0,
    "updated": 0
  },
  {
    "id": "f5780cfd-d735-4642-abb1-c94e60718aa6",
    "data": [
      {
        "text": "Marron",
        "meta": "@sys.ignore",
        "userDefined": false
      }
    ],
    "isTemplate": false,
    "count": 0,
    "updated": 0
  }
]