[
  {
    "id": "b38df17d-d96b-4f67-94d5-aa0b680ad2fb",
    "data": [
      {
        "text": "Ciencia",
        "meta": "@sys.ignore",
        "userDefined": false
      }
    ],
    "isTemplate": false,
    "count": 0,
    "updated": 0
  },
  {
    "id": "76fdc52a-b1a7-4ea1-acbe-aaa0a7d2a2d7",
    "data": [
      {
        "text": "Tecnología",
        "userDefined": false
      }
    ],
    "isTemplate": false,
    "count": 0,
    "updated": 0
  },
  {
    "id": "3dd5f8b0-c469-4fb1-911c-9e52f9e84105",
    "data": [
      {
        "text": "Tecnologia",
        "userDefined": false
      }
    ],
    "isTemplate": false,
    "count": 0,
    "updated": 0
  }
]