[
  {
    "id": "50c1ddd8-2de7-4ca8-8826-1442e58c5128",
    "data": [
      {
        "text": "Pera",
        "alias": "comida",
        "meta": "@comida",
        "userDefined": false
      }
    ],
    "isTemplate": false,
    "count": 0,
    "updated": 0
  },
  {
    "id": "c117aed4-adf9-40b7-9a81-f143f8a14ecd",
    "data": [
      {
        "text": "Naranja",
        "alias": "location",
        "meta": "@sys.location",
        "userDefined": false
      }
    ],
    "isTemplate": false,
    "count": 0,
    "updated": 0
  }
]