[
  {
    "id": "052ce9fe-8850-4dab-8a2c-8ace961b927c",
    "data": [
      {
        "text": "Seguir repasando",
        "userDefined": false
      }
    ],
    "isTemplate": false,
    "count": 0,
    "updated": 0
  },
  {
    "id": "020585a8-4913-47e7-9d22-566a9922686a",
    "data": [
      {
        "text": "Seguir",
        "userDefined": false
      }
    ],
    "isTemplate": false,
    "count": 0,
    "updated": 0
  },
  {
    "id": "8b2646c0-1d54-4025-a39a-7cc2f829f371",
    "data": [
      {
        "text": "Repasar",
        "userDefined": false
      }
    ],
    "isTemplate": false,
    "count": 0,
    "updated": 0
  },
  {
    "id": "cf8d1bd2-bac9-4d9b-971a-22f6f29ebb8b",
    "data": [
      {
        "text": "Repaso",
        "userDefined": false
      }
    ],
    "isTemplate": false,
    "count": 0,
    "updated": 0
  },
  {
    "id": "f0852fa5-f470-41e9-a976-37cf04e7ca4e",
    "data": [
      {
        "text": "Quiero repasar",
        "userDefined": false
      }
    ],
    "isTemplate": false,
    "count": 0,
    "updated": 0
  },
  {
    "id": "63855baa-4344-469e-86a8-391b8c2a3f96",
    "data": [
      {
        "text": "Ahora",
        "alias": "date-time",
        "meta": "@sys.date-time",
        "userDefined": false
      },
      {
        "text": " quiero repasar",
        "userDefined": false
      }
    ],
    "isTemplate": false,
    "count": 0,
    "updated": 0
  },
  {
    "id": "7ea68c40-7201-4513-ab08-6fdd49250c85",
    "data": [
      {
        "text": "Quiero practicar lo aprendido ",
        "userDefined": false
      },
      {
        "text": "hoy",
        "alias": "date-time",
        "meta": "@sys.date-time",
        "userDefined": false
      }
    ],
    "isTemplate": false,
    "count": 1,
    "updated": 0
  },
  {
    "id": "4b946b86-2efa-4ca5-bfd4-3f9d4cfff72b",
    "data": [
      {
        "text": "Ahora",
        "alias": "date-time",
        "meta": "@sys.date-time",
        "userDefined": false
      },
      {
        "text": " quiero practicar lo que hemos dado en clase",
        "userDefined": false
      }
    ],
    "isTemplate": false,
    "count": 0,
    "updated": 0
  },
  {
    "id": "5589163e-25f5-4a73-b92b-7c0d24f31bbf",
    "data": [
      {
        "text": "Quiero prácticar",
        "userDefined": false
      }
    ],
    "isTemplate": false,
    "count": 0,
    "updated": 0
  },
  {
    "id": "bcd9a75f-8d7b-4d14-bf90-cdc0c7f0fcd4",
    "data": [
      {
        "text": "Quiero practicar lo estudiado en clase",
        "userDefined": false
      }
    ],
    "isTemplate": false,
    "count": 1,
    "updated": 0
  },
  {
    "id": "1e106c80-64c3-40ec-979a-710766e49816",
    "data": [
      {
        "text": "Ahora quiero repasar otra cosa",
        "userDefined": false
      }
    ],
    "isTemplate": false,
    "count": 0,
    "updated": 0
  }
]