[
  {
    "id": "cdd46d8e-39b3-41c9-b99c-94fa1473df3f",
    "data": [
      {
        "text": "Miércoles",
        "alias": "dias_semana",
        "meta": "@dias_semana",
        "userDefined": false
      }
    ],
    "isTemplate": false,
    "count": 0,
    "updated": 0
  },
  {
    "id": "6cc59b46-d9e7-4b7e-bcab-2ebb37cebcd7",
    "data": [
      {
        "text": "Mayo",
        "alias": "meses",
        "meta": "@meses",
        "userDefined": false
      }
    ],
    "isTemplate": false,
    "count": 0,
    "updated": 0
  }
]