[
  {
    "id": "2c7bf8ab-9a55-46f8-a885-1e644503fc32",
    "data": [
      {
        "text": "Los ",
        "userDefined": false
      },
      {
        "text": "colores",
        "meta": "@sys.ignore",
        "userDefined": false
      }
    ],
    "isTemplate": false,
    "count": 0,
    "updated": 0
  },
  {
    "id": "31c8bc6a-fd49-4549-89ca-532ff6a030db",
    "data": [
      {
        "text": "Colores",
        "meta": "@sys.ignore",
        "userDefined": false
      }
    ],
    "isTemplate": false,
    "count": 0,
    "updated": 0
  }
]