[
  {
    "id": "b2d40670-e321-40ea-8f08-99dd65b42fad",
    "data": [
      {
        "text": "Guisantes",
        "meta": "@sys.ignore",
        "userDefined": false
      }
    ],
    "isTemplate": false,
    "count": 0,
    "updated": 0
  },
  {
    "id": "8565c69b-ba8a-462f-ab78-5a8452d530ed",
    "data": [
      {
        "text": "Judías",
        "userDefined": false
      }
    ],
    "isTemplate": false,
    "count": 0,
    "updated": 0
  },
  {
    "id": "213577d5-3192-46ac-9e9b-d55b970a3011",
    "data": [
      {
        "text": "Judías ",
        "userDefined": false
      },
      {
        "text": "verdes",
        "meta": "@sys.ignore",
        "userDefined": false
      }
    ],
    "isTemplate": false,
    "count": 0,
    "updated": 0
  }
]