[
  {
    "id": "92e00bed-fd63-4f7d-963a-22ae15008d3b",
    "data": [
      {
        "text": "Educación Física",
        "alias": "asignaturas",
        "meta": "@asignaturas",
        "userDefined": false
      }
    ],
    "isTemplate": false,
    "count": 0,
    "updated": 0
  },
  {
    "id": "d75d1e28-c198-431b-b247-380e5d3f6749",
    "data": [
      {
        "text": "Química",
        "meta": "@sys.ignore",
        "userDefined": false
      }
    ],
    "isTemplate": false,
    "count": 0,
    "updated": 0
  }
]