[
  {
    "id": "e93a6a98-ff2a-460d-9fbe-8992e22d75c1",
    "data": [
      {
        "text": "Español",
        "alias": "idiomas",
        "meta": "@idiomas",
        "userDefined": true
      },
      {
        "text": " a ",
        "userDefined": false
      },
      {
        "text": "francés",
        "alias": "idiomas1",
        "meta": "@idiomas",
        "userDefined": true
      },
      {
        "text": ", ",
        "userDefined": false
      },
      {
        "text": "how are you?",
        "alias": "any",
        "meta": "@sys.any",
        "userDefined": true
      }
    ],
    "isTemplate": false,
    "count": 0,
    "updated": 0
  }
]