[
  {
    "id": "634d8e55-473c-42dd-b5d1-abe4d89b1f4a",
    "data": [
      {
        "text": "Traducción",
        "userDefined": false
      }
    ],
    "isTemplate": false,
    "count": 0,
    "updated": 0
  },
  {
    "id": "3699ffb4-3bef-424c-938c-82ff3cdf983b",
    "data": [
      {
        "text": "Traductor",
        "meta": "@sys.ignore",
        "userDefined": false
      }
    ],
    "isTemplate": false,
    "count": 0,
    "updated": 0
  },
  {
    "id": "b28eb7ab-d6a0-4b5f-bb5e-7891e144b45e",
    "data": [
      {
        "text": "Quiero buscar la traducción de ",
        "userDefined": false
      },
      {
        "text": "una",
        "meta": "@sys.ignore",
        "userDefined": false
      },
      {
        "text": " palabra",
        "userDefined": false
      }
    ],
    "isTemplate": false,
    "count": 0,
    "updated": 0
  },
  {
    "id": "2d802ad7-aa63-4418-90df-690fc24f9019",
    "data": [
      {
        "text": "Quiero traducir ",
        "userDefined": false
      },
      {
        "text": "una",
        "meta": "@sys.ignore",
        "userDefined": false
      },
      {
        "text": " palabra",
        "userDefined": false
      }
    ],
    "isTemplate": false,
    "count": 0,
    "updated": 0
  }
]