[
  {
    "id": "94b58c74-652a-4249-81d3-19787455b7f3",
    "data": [
      {
        "text": "Buenos días Manolo!",
        "userDefined": false
      }
    ],
    "isTemplate": false,
    "count": 0,
    "updated": 0
  },
  {
    "id": "b7362d34-a02f-4e1d-ac79-1ee204c2412f",
    "data": [
      {
        "text": "Hola ",
        "userDefined": false
      },
      {
        "text": "Manolo",
        "alias": "person",
        "meta": "@sys.person",
        "userDefined": false
      },
      {
        "text": "!",
        "userDefined": false
      }
    ],
    "isTemplate": false,
    "count": 0,
    "updated": 0
  },
  {
    "id": "74a5b87d-d5f5-4a88-b585-544368555818",
    "data": [
      {
        "text": "buenas noches",
        "alias": "saludo",
        "meta": "@saludo",
        "userDefined": false
      },
      {
        "text": "!",
        "userDefined": false
      }
    ],
    "isTemplate": false,
    "count": 0,
    "updated": 0
  },
  {
    "id": "70df7abf-4375-4a6c-95ff-de691d5bbe20",
    "data": [
      {
        "text": "buenos dias",
        "alias": "saludo",
        "meta": "@saludo",
        "userDefined": true
      }
    ],
    "isTemplate": false,
    "count": 0,
    "updated": 0
  },
  {
    "id": "45cf3feb-91ff-461d-94ae-514846f12f89",
    "data": [
      {
        "text": "hola! ",
        "userDefined": false
      },
      {
        "text": "buenos dias",
        "alias": "saludo",
        "meta": "@saludo",
        "userDefined": true
      }
    ],
    "isTemplate": false,
    "count": 0,
    "updated": 0
  },
  {
    "id": "6b9d4e0c-77b3-4f0a-a6e8-02d9de28ef19",
    "data": [
      {
        "text": "hola",
        "userDefined": false
      }
    ],
    "isTemplate": false,
    "count": 0,
    "updated": 0
  },
  {
    "id": "352f0176-03a4-4a56-a4f2-a0f105284046",
    "data": [
      {
        "text": "hey",
        "userDefined": false
      }
    ],
    "isTemplate": false,
    "count": 0,
    "updated": 0
  },
  {
    "id": "f896ea33-3741-474b-9a5f-3eea3b39ce36",
    "data": [
      {
        "text": "saludos",
        "userDefined": false
      }
    ],
    "isTemplate": false,
    "count": 0,
    "updated": 0
  },
  {
    "id": "4dd86e08-a2ca-4a48-a3c6-50e7f9b7e6be",
    "data": [
      {
        "text": "chao",
        "userDefined": false
      }
    ],
    "isTemplate": false,
    "count": 0,
    "updated": 0
  }
]